index;sitio;fecha;hora;playlist;tipo;tratamiento;hora_especifica;comportamiento;id;archivo_video;archivo_tabla_de_selección;observaciones
0;1;3/04/2024;20:00:00;1;T1;RES;;AUSENCIA;;;;
0;1;3/04/2024;20:01:00;1;T2; SIL;;AUSENCIA;;;;
0;1;3/04/2024;20:02:00;1;T3; RUI;;AUSENCIA;;;;
0;1;3/04/2024;20:03:00;1;T4; SIL;;AUSENCIA;;;;
0;1;3/04/2024;20:04:00;1;T5;SIL;;AUSENCIA;;;;
0;1;3/04/2024;20:05:00;1;T6; RES;;AUSENCIA;;;;
0;1;3/04/2024;20:06:00;1;T7; SIL;;AUSENCIA;;;;
0;1;3/04/2024;20:07:00;1;T8; RUI;;AUSENCIA;;;;
0;1;3/04/2024;20:08:00;1;T9;;;AUSENCIA;;;;
0;1;3/04/2024;20:09:00;1;T10;;;AUSENCIA;;;;
0;1;3/04/2024;20:10:00;1;T11;;;AUSENCIA;;;;
5;1;3/04/2024;21:40:00;1;T1;RES;;AUSENCIA;;;;
5;1;3/04/2024;21:41:00;1;T2; SIL;;AUSENCIA;;;;
5;1;3/04/2024;21:42:00;1;T3; RUI;;AUSENCIA;;;;
5;1;3/04/2024;21:43:00;1;T4; SIL;;AUSENCIA;;;;
5;1;3/04/2024;21:44:00;1;T5; SIL;;AUSENCIA;;;;
5;1;3/04/2024;21:45:00;1;T6; RES;;AUSENCIA;;;;
5;1;3/04/2024;21:46:00;1;T7; SIL;;AUSENCIA;;;;
5;1;3/04/2024;21:47:00;1;T8; RUI;;AUSENCIA;;;;
5;1;3/04/2024;21:48:00;1;T9;;;AUSENCIA;;;;
5;1;3/04/2024;21:49:00;1;T10;;;AUSENCIA;;;;
5;1;3/04/2024;21:50:00;1;T11;;;AUSENCIA;;;;
1;1;3/04/2024;20:20:00;2;T1;RUI;;AUSENCIA;;;;
1;1;3/04/2024;20:21:00;2;T2; SIL;;AUSENCIA;;;;
1;1;3/04/2024;20:22:00;2;T3; RES;;AUSENCIA;;;;
1;1;3/04/2024;20:23:00;2;T4; SIL;;AUSENCIA;;;;
1;1;3/04/2024;20:24:00;2;T5; SIL;;AUSENCIA;;;;
1;1;3/04/2024;20:25:00;2;T6; RES;;AUSENCIA;;;;
1;1;3/04/2024;20:26:00;2;T7; SIL;;AUSENCIA;;;;
1;1;3/04/2024;20:27:00;2;T8; RUI;;AUSENCIA;;;;
1;1;3/04/2024;20:28:00;2;T9;;;AUSENCIA;;;;
1;1;3/04/2024;20:29:00;2;T10;;;AUSENCIA;;;;
1;1;3/04/2024;20:30:00;2;T11;;;AUSENCIA;;;;
8;1;3/04/2024;22:40:00;2;T1;RUI;;AUSENCIA;;;;
8;1;3/04/2024;22:41:00;2;T2; SIL;;AUSENCIA;;;;
8;1;3/04/2024;22:42:00;2;T3; RES;;AUSENCIA;;;;
8;1;3/04/2024;22:43:00;2;T4; SIL;;AUSENCIA;;;;
8;1;3/04/2024;22:44:00;2;T5;SIL;;AUSENCIA;;;;
8;1;3/04/2024;22:45:00;2;T6; RES;;AUSENCIA;;;;
8;1;3/04/2024;22:46:00;2;T7; SIL;;AUSENCIA;;;;
8;1;3/04/2024;22:47:00;2;T8; RUI;;AUSENCIA;;;;
8;1;3/04/2024;22:48:00;2;T9;;;AUSENCIA;;;;
8;1;3/04/2024;22:49:00;2;T10;;;AUSENCIA;;;;
8;1;3/04/2024;22:50:00;2;T11;;;AUSENCIA;;;;
2;1;3/04/2024;20:40:00;3;T1;RES;;AUSENCIA;;;;
2;1;3/04/2024;20:41:00;3;T2; SIL;;AUSENCIA;;;;
2;1;3/04/2024;20:42:00;3;T3;RUI;;AUSENCIA;;;;
2;1;3/04/2024;20:43:00;3;T4; SIL;;AUSENCIA;;;;
2;1;3/04/2024;20:44:00;3;T5; SIL ;;AUSENCIA;;;;
2;1;3/04/2024;20:45:00;3;T6; RUI;;AUSENCIA;;;;
2;1;3/04/2024;20:46:00;3;T7; SIL;;AUSENCIA;;;;
2;1;3/04/2024;20:47:00;3;T8;  RES;;AUSENCIA;;;;
2;1;3/04/2024;20:48:00;3;T9;;;AUSENCIA;;;;
2;1;3/04/2024;20:49:00;3;T10;;;AUSENCIA;;;;
2;1;3/04/2024;20:50:00;3;T11;;;AUSENCIA;;;;
7;1;3/04/2024;22:20:00;3;T1;RES;;AUSENCIA;;;;
7;1;3/04/2024;22:21:00;3;T2; SIL;;AUSENCIA;;;;
7;1;3/04/2024;22:22:00;3;T3; RES;;AUSENCIA;;;;
7;1;3/04/2024;22:23:00;3;T4; SIL;;AUSENCIA;;;;
7;1;3/04/2024;22:24:00;3;T5; SIL;;AUSENCIA;;;;
7;1;3/04/2024;22:25:00;3;T6; RUI;;AUSENCIA;;;;
7;1;3/04/2024;22:26:00;3;T7; SIL;;AUSENCIA;;;;
7;1;3/04/2024;22:27:00;3;T8; RUI;;AUSENCIA;;;;
7;1;3/04/2024;22:28:00;3;T9;;;AUSENCIA;;;;
7;1;3/04/2024;22:29:00;3;T10;;;AUSENCIA;;;;
7;1;3/04/2024;22:30:00;3;T11;;;AUSENCIA;;;;
3;1;3/04/2024;21:00:00;4;T1;RES;;AUSENCIA;;;;
3;1;3/04/2024;21:01:00;4;T2; SIL;;AUSENCIA;;;;
3;1;3/04/2024;21:02:00;4;T3; RES;;AUSENCIA;;;;
3;1;3/04/2024;21:03:00;4;T4; SIL;;AUSENCIA;;;;
3;1;3/04/2024;21:04:00;4;T5; SIL;;AUSENCIA;;;;
3;1;3/04/2024;21:05:00;4;T6; RUI;;AUSENCIA;;;;
3;1;3/04/2024;21:06:00;4;T7; SIL;;AUSENCIA;;;;
3;1;3/04/2024;21:07:00;4;T8; RUI;;AUSENCIA;;;;
3;1;3/04/2024;21:08:00;4;T9;;;AUSENCIA;;;;
3;1;3/04/2024;21:09:00;4;T10;;;AUSENCIA;;;;
3;1;3/04/2024;21:10:00;4;T11;;;AUSENCIA;;;;
4;1;3/04/2024;21:20:00;5;T1;RUI;;AUSENCIA;;;;
4;1;3/04/2024;21:21:00;5;T2; SIL;;AUSENCIA;;;;
4;1;3/04/2024;21:22:00;5;T3; RES;;AUSENCIA;;;;
4;1;3/04/2024;21:23:00;5;T4;SIL;21:23:29;TRANSITO;Phyllostomidae SP1;NOR_GCH0001_000000_20240403211958_0573;;
4;1;3/04/2024;21:24:00;5;T5; SIL;;AUSENCIA;;;;
4;1;3/04/2024;21:25:00;5;T6; RUI;;AUSENCIA;;;;
4;1;3/04/2024;21:26:00;5;T7; SIL;;AUSENCIA;;;;
4;1;3/04/2024;21:27:00;5;T8; RES;;AUSENCIA;;;;
4;1;3/04/2024;21:28:00;5;T9;;;AUSENCIA;;;;
4;1;3/04/2024;21:29:00;5;T10;;;AUSENCIA;;;;
4;1;3/04/2024;21:30:00;5;T11;;;AUSENCIA;;;;
6;1;3/04/2024;22:00:00;6;T1;RUI;;AUSENCIA;;;;
6;1;3/04/2024;22:01:00;6;T2; SIL;;AUSENCIA;;;;
6;1;3/04/2024;22:02:00;6;T3; RUI;;AUSENCIA;;;;
6;1;3/04/2024;22:03:00;6;T4; SIL;;AUSENCIA;;;;
6;1;3/04/2024;22:04:00;6;T5; SIL;;AUSENCIA;;;;
6;1;3/04/2024;22:05:00;6;T6;RES;;AUSENCIA;;;;
6;1;3/04/2024;22:06:00;6;T7; SIL;;AUSENCIA;;;;
6;1;3/04/2024;22:07:00;6;T8; RES;;AUSENCIA;;;;
6;1;3/04/2024;22:08:00;6;T9;;;AUSENCIA;;;;
6;1;3/04/2024;22:09:00;6;T10;;;AUSENCIA;;;;
6;1;3/04/2024;22:10:00;6;T11;;;AUSENCIA;;;;
9;2;4/04/2024;20:00:00;7;T1;RUI;;AUSENCIA;;;;
9;2;4/04/2024;20:01:00;7;T2; SIL;;AUSENCIA;;;;
9;2;4/04/2024;20:02:00;7;T3; RES;;AUSENCIA;;;;
9;2;4/04/2024;20:03:00;7;T4; SIL;;AUSENCIA;;;;
9;2;4/04/2024;20:04:00;7;T5; SIL;;AUSENCIA;;;;
9;2;4/04/2024;20:05:00;7;T6; RUI;;AUSENCIA;;;;
9;2;4/04/2024;20:06:00;7;T7; SIL;;AUSENCIA;;;;
9;2;4/04/2024;20:07:00;7;T8; RES;;AUSENCIA;;;;
9;2;4/04/2024;20:08:00;7;T9;;;AUSENCIA;;;;
9;2;4/04/2024;20:09:00;7;T10;;;AUSENCIA;;;;
9;2;4/04/2024;20:10:00;7;T11;;;AUSENCIA;;;;
11;2;4/04/2024;20:40:00;7;T1;RUI;;AUSENCIA;;;;
11;2;4/04/2024;20:41:00;7;T2; SIL;;AUSENCIA;;;;
11;2;4/04/2024;20:42:00;7;T3; RES;;AUSENCIA;;;;
11;2;4/04/2024;20:43:00;7;T4; SIL;;AUSENCIA;;;;
11;2;4/04/2024;20:44:00;7;T5; SIL;;AUSENCIA;;;;
11;2;4/04/2024;20:45:00;7;T6;RUI;;AUSENCIA;;;;
11;2;4/04/2024;20:46:00;7;T7; SIL;;AUSENCIA;;;;
11;2;4/04/2024;20:47:00;7;T8; RES;;AUSENCIA;;;;
11;2;4/04/2024;20:48:00;7;T9;;;AUSENCIA;;;;
11;2;4/04/2024;20:49:00;7;T10;;;AUSENCIA;;;;
11;2;4/04/2024;20:50:00;7;T11;;;AUSENCIA;;;;
10;2;4/04/2024;20:20:00;8;T1;RES;;AUSENCIA;;;;
10;2;4/04/2024;20:21:00;8;T2; SIL;;AUSENCIA;;;;
10;2;4/04/2024;20:22:00;8;T3;RUI;20:22:57;TRANSITO;Phyllostomidae SP1;NOR_GCH0001_000000_20240404201904_0584;20240404_202000.Table.1.selections.txt;
10;2;4/04/2024;20:23:00;8;T4;RUI;20:23:00;REVISION;Phyllostomidae SP1;NOR_GCH0001_000000_20240404201904_0584;20240404_202000.Table.1.selections.txt;
10;2;4/04/2024;20:23:00;8;T4;RUI;20:23:01;REVISION;Phyllostomidae SP1;NOR_GCH0001_000000_20240404201904_0584;20240404_202000.Table.1.selections.txt;
10;2;4/04/2024;20:23:00;8;T4;RUI;20:23:03;TRANSITO;Phyllostomidae SP1;NOR_GCH0001_000000_20240404201904_0584;20240404_202000.Table.1.selections.txt;
10;2;4/04/2024;20:24:00;8;T5; SIL;;AUSENCIA;;;;
10;2;4/04/2024;20:25:00;8;T6;RUI;;AUSENCIA;;;;
10;2;4/04/2024;20:26:00;8;T7; SIL;;AUSENCIA;;;;
10;2;4/04/2024;20:27:00;8;T8;  RES;;AUSENCIA;;;;
10;2;4/04/2024;20:28:00;8;T9;;;AUSENCIA;;;;
10;2;4/04/2024;20:29:00;8;T10;;;AUSENCIA;;;;
10;2;4/04/2024;20:30:00;8;T11;;;AUSENCIA;;;;
12;2;4/04/2024;21:00:00;9;T1;RUI;;AUSENCIA;;;;
12;2;4/04/2024;21:01:00;9;T2; SIL;;AUSENCIA;;;;
12;2;4/04/2024;21:02:00;9;T3; RES;;AUSENCIA;;;;
12;2;4/04/2024;21:03:00;9;T4; SIL;;AUSENCIA;;;;
12;2;4/04/2024;21:04:00;9;T5; SIL;;AUSENCIA;;;;
12;2;4/04/2024;21:05:00;9;T6;RES;;AUSENCIA;;;;
12;2;4/04/2024;21:06:00;9;T7; SIL;;AUSENCIA;;;;
12;2;4/04/2024;21:07:00;9;T8; RUI;;AUSENCIA;;;;
12;2;4/04/2024;21:08:00;9;T9;;;AUSENCIA;;;;
12;2;4/04/2024;21:09:00;9;T10;;;AUSENCIA;;;;
12;2;4/04/2024;21:10:00;9;T11;;;AUSENCIA;;;;
14;2;4/04/2024;21:40:00;9;T1;RUI;;AUSENCIA;;;;
14;2;4/04/2024;21:41:00;9;T2; SIL;;AUSENCIA;;;;
14;2;4/04/2024;21:42:00;9;T3; RES;;AUSENCIA;;;;
14;2;4/04/2024;21:43:00;9;T4; SIL;;AUSENCIA;;;;
14;2;4/04/2024;21:44:00;9;T5; SIL;;AUSENCIA;;;;
14;2;4/04/2024;21:45:00;9;T6;RES;;AUSENCIA;;;;
14;2;4/04/2024;21:46:00;9;T7; SIL;;AUSENCIA;;;;
14;2;4/04/2024;21:47:00;9;T8; RUI;;AUSENCIA;;;;
14;2;4/04/2024;21:48:00;9;T9;;;AUSENCIA;;;;
14;2;4/04/2024;21:49:00;9;T10;;;AUSENCIA;;;;
14;2;4/04/2024;21:50:00;9;T11;;;AUSENCIA;;;;
13;2;4/04/2024;21:20:00;10;T1;RES;;AUSENCIA;;;;
13;2;4/04/2024;21:21:00;10;T2; SIL;;AUSENCIA;;;;
13;2;4/04/2024;21:22:00;10;T3; RUI;;AUSENCIA;;;;
13;2;4/04/2024;21:23:00;10;T4; SIL;;AUSENCIA;;;;
13;2;4/04/2024;21:24:00;10;T5; SIL;;AUSENCIA;;;;
13;2;4/04/2024;21:25:00;10;T6;RES;;AUSENCIA;;;;
13;2;4/04/2024;21:26:00;10;T7; SIL;;AUSENCIA;;;;
13;2;4/04/2024;21:27:00;10;T8; RUI;;AUSENCIA;;;;
13;2;4/04/2024;21:28:00;10;T9;;;AUSENCIA;;;;
13;2;4/04/2024;21:29:00;10;T10;;;AUSENCIA;;;;
13;2;4/04/2024;21:30:00;10;T11;;;AUSENCIA;;;;
17;2;4/04/2024;22:40:00;10;T1;RES;;AUSENCIA;;;;
17;2;4/04/2024;22:41:00;10;T2; SIL;;AUSENCIA;;;;
17;2;4/04/2024;22:42:00;10;T3; RUI;;AUSENCIA;;;;
17;2;4/04/2024;22:43:00;10;T4; SIL;;AUSENCIA;;;;
17;2;4/04/2024;22:44:00;10;T5;SIL;;AUSENCIA;;;;
17;2;4/04/2024;22:45:00;10;T6; RES;;AUSENCIA;;;;
17;2;4/04/2024;22:46:00;10;T7; SIL;;AUSENCIA;;;;
17;2;4/04/2024;22:47:00;10;T8; RUI;;AUSENCIA;;;;
17;2;4/04/2024;22:48:00;10;T9;;;AUSENCIA;;;;
17;2;4/04/2024;22:49:00;10;T10;;;AUSENCIA;;;;
17;2;4/04/2024;22:50:00;10;T11;;;AUSENCIA;;;;
15;2;4/04/2024;22:00:00;11;T1;RES;;AUSENCIA;;;;
15;2;4/04/2024;22:01:00;11;T2; SIL;;AUSENCIA;;;;
15;2;4/04/2024;22:02:00;11;T3; RES;;AUSENCIA;;;;
15;2;4/04/2024;22:03:00;11;T4; SIL;;AUSENCIA;;;;
15;2;4/04/2024;22:04:00;11;T5;SIL;;AUSENCIA;;;;
15;2;4/04/2024;22:05:00;11;T6; RUI;;AUSENCIA;;;;
15;2;4/04/2024;22:06:00;11;T7; SIL;;AUSENCIA;;;;
15;2;4/04/2024;22:07:00;11;T8; RUI;;AUSENCIA;;;;
15;2;4/04/2024;22:08:00;11;T9;;;AUSENCIA;;;;
15;2;4/04/2024;22:09:00;11;T10;;;AUSENCIA;;;;
15;2;4/04/2024;22:10:00;11;T11;;;AUSENCIA;;;;
16;2;4/04/2024;22:20:00;12;T1;RUI;;AUSENCIA;;;;
16;2;4/04/2024;22:21:00;12;T2; SIL;;AUSENCIA;;;;
16;2;4/04/2024;22:22:00;12;T3; RUI;;AUSENCIA;;;;
16;2;4/04/2024;22:23:00;12;T4; SIL;;AUSENCIA;;;;
16;2;4/04/2024;22:24:00;12;T5;SIL;;AUSENCIA;;;;
16;2;4/04/2024;22:25:00;12;T6; RES;;AUSENCIA;;;;
16;2;4/04/2024;22:26:00;12;T7; SIL;;AUSENCIA;;;;
16;2;4/04/2024;22:27:00;12;T8;RES;22:27:15;TRANSITO;Phyllostomidae SP1;NOR_GCH0001_000000_20240404221859_0596;20240404_222000.Table.1.selections.txt;
16;2;4/04/2024;22:28:00;12;T9;;;AUSENCIA;;;;
16;2;4/04/2024;22:29:00;12;T10;;;AUSENCIA;;;;
16;2;4/04/2024;22:30:00;12;T11;;;AUSENCIA;;;;
18;3;5/04/2024;20:00:00;13;T1;RES;;AUSENCIA;;;;
18;3;5/04/2024;20:01:00;13;T2; SIL;;AUSENCIA;;;;
18;3;5/04/2024;20:02:00;13;T3;RUI;;AUSENCIA;;;;
18;3;5/04/2024;20:03:00;13;T4; SIL;;AUSENCIA;;;;
18;3;5/04/2024;20:04:00;13;T5;SIL;;AUSENCIA;;;;
18;3;5/04/2024;20:05:00;13;T6; RUI;;AUSENCIA;;;;
18;3;5/04/2024;20:06:00;13;T7; SIL;;AUSENCIA;;;;
18;3;5/04/2024;20:07:00;13;T8;  RES;;AUSENCIA;;;;
18;3;5/04/2024;20:08:00;13;T9;;;AUSENCIA;;;;
18;3;5/04/2024;20:09:00;13;T10;;;AUSENCIA;;;;
18;3;5/04/2024;20:10:00;13;T11;;;AUSENCIA;;;;
24;3;5/04/2024;22:00:00;13;T1;RES;;AUSENCIA;;;;
24;3;5/04/2024;22:01:00;13;T2; SIL;;AUSENCIA;;;;
24;3;5/04/2024;22:02:00;13;T3;RUI;;AUSENCIA;;;;
24;3;5/04/2024;22:03:00;13;T4; SIL;;AUSENCIA;;;;
24;3;5/04/2024;22:04:00;13;T5; SIL;;AUSENCIA;;;;
24;3;5/04/2024;22:05:00;13;T6;RUI;;AUSENCIA;;;;
24;3;5/04/2024;22:06:00;13;T7; SIL;;AUSENCIA;;;;
24;3;5/04/2024;22:07:00;13;T8;  RES;;AUSENCIA;;;;
24;3;5/04/2024;22:08:00;13;T9;;;AUSENCIA;;;;
24;3;5/04/2024;22:09:00;13;T10;;;AUSENCIA;;;;
24;3;5/04/2024;22:10:00;13;T11;;;AUSENCIA;;;;
19;3;5/04/2024;20:20:00;14;T1;RES;;AUSENCIA;;;;
19;3;5/04/2024;20:21:00;14;T2; SIL;;AUSENCIA;;;;
19;3;5/04/2024;20:22:00;14;T3; RES;;AUSENCIA;;;;
19;3;5/04/2024;20:23:00;14;T4; SIL;;AUSENCIA;;;;
19;3;5/04/2024;20:24:00;14;T5;SIL;;AUSENCIA;;;;
19;3;5/04/2024;20:25:00;14;T6; RUI;;AUSENCIA;;;;
19;3;5/04/2024;20:26:00;14;T7; SIL;;AUSENCIA;;;;
19;3;5/04/2024;20:27:00;14;T8; RUI;;AUSENCIA;;;;
19;3;5/04/2024;20:28:00;14;T9;;;AUSENCIA;;;;
19;3;5/04/2024;20:29:00;14;T10;;;AUSENCIA;;;;
19;3;5/04/2024;20:30:00;14;T11;;;AUSENCIA;;;;
20;3;5/04/2024;20:40:00;15;T1;RUI;;AUSENCIA;;;;
20;3;5/04/2024;20:41:00;15;T2; SIL;;AUSENCIA;;;;
20;3;5/04/2024;20:42:00;15;T3; RES;;AUSENCIA;;;;
20;3;5/04/2024;20:43:00;15;T4; SIL;;AUSENCIA;;;;
20;3;5/04/2024;20:44:00;15;T5; SIL;;AUSENCIA;;;;
20;3;5/04/2024;20:45:00;15;T6;RUI;;AUSENCIA;;;;
20;3;5/04/2024;20:46:00;15;T7; SIL;;AUSENCIA;;;;
20;3;5/04/2024;20:47:00;15;T8; RES;;AUSENCIA;;;;
20;3;5/04/2024;20:48:00;15;T9;;;AUSENCIA;;;;
20;3;5/04/2024;20:49:00;15;T10;;;AUSENCIA;;;;
20;3;5/04/2024;20:50:00;15;T11;;;AUSENCIA;;;;
25;3;5/04/2024;22:20:00;15;T1;RUI;;AUSENCIA;;;;
25;3;5/04/2024;22:21:00;15;T2; SIL;;AUSENCIA;;;;
25;3;5/04/2024;22:22:00;15;T3; RES;;AUSENCIA;;;;
25;3;5/04/2024;22:23:00;15;T4; SIL;;AUSENCIA;;;;
25;3;5/04/2024;22:24:00;15;T5;SIL;;AUSENCIA;;;;
25;3;5/04/2024;22:25:00;15;T6; RUI;;AUSENCIA;;;;
25;3;5/04/2024;22:26:00;15;T7; SIL;;AUSENCIA;;;;
25;3;5/04/2024;22:27:00;15;T8; RES;;AUSENCIA;;;;
25;3;5/04/2024;22:28:00;15;T9;;;AUSENCIA;;;;
25;3;5/04/2024;22:29:00;15;T10;;;AUSENCIA;;;;
25;3;5/04/2024;22:30:00;15;T11;;;AUSENCIA;;;;
21;3;5/04/2024;21:00:00;16;T1;RES;;AUSENCIA;;;;
21;3;5/04/2024;21:01:00;16;T2; SIL;;AUSENCIA;;;;
21;3;5/04/2024;21:02:00;16;T3; RUI;;AUSENCIA;;;;
21;3;5/04/2024;21:03:00;16;T4; SIL;;AUSENCIA;;;;
21;3;5/04/2024;21:04:00;16;T5;SIL;;AUSENCIA;;;;
21;3;5/04/2024;21:05:00;16;T6; RES;;AUSENCIA;;;;
21;3;5/04/2024;21:06:00;16;T7; SIL;;AUSENCIA;;;;
21;3;5/04/2024;21:07:00;16;T8; RUI;;AUSENCIA;;;;
21;3;5/04/2024;21:08:00;16;T9;;;AUSENCIA;;;;
21;3;5/04/2024;21:09:00;16;T10;;;AUSENCIA;;;;
21;3;5/04/2024;21:10:00;16;T11;;;AUSENCIA;;;;
22;3;5/04/2024;21:20:00;17;T1;RUI;;AUSENCIA;;;;
22;3;5/04/2024;21:21:00;17;T2; SIL;;AUSENCIA;;;;
22;3;5/04/2024;21:22:00;17;T3; RUI;;AUSENCIA;;;;
22;3;5/04/2024;21:23:00;17;T4; SIL;;AUSENCIA;;;;
22;3;5/04/2024;21:24:00;17;T5; SIL;;AUSENCIA;;;;
22;3;5/04/2024;21:25:00;17;T6;RES;;AUSENCIA;;;;
22;3;5/04/2024;21:26:00;17;T7; SIL;;AUSENCIA;;;;
22;3;5/04/2024;21:27:00;17;T8; RES;;AUSENCIA;;;;
22;3;5/04/2024;21:28:00;17;T9;;;AUSENCIA;;;;
22;3;5/04/2024;21:29:00;17;T10;;;AUSENCIA;;;;
22;3;5/04/2024;21:30:00;17;T11;;;AUSENCIA;;;;
26;3;5/04/2024;22:40:00;17;T1;RUI;;AUSENCIA;;;;
26;3;5/04/2024;22:41:00;17;T2; SIL;;AUSENCIA;;;;
26;3;5/04/2024;22:42:00;17;T3; RUI;;AUSENCIA;;;;
26;3;5/04/2024;22:43:00;17;T4; SIL;;AUSENCIA;;;;
26;3;5/04/2024;22:44:00;17;T5; SIL;;AUSENCIA;;;;
26;3;5/04/2024;22:45:00;17;T6; RES;;AUSENCIA;;;;
26;3;5/04/2024;22:46:00;17;T7; SIL;;AUSENCIA;;;;
26;3;5/04/2024;22:47:00;17;T8; RES;;AUSENCIA;;;;
26;3;5/04/2024;22:48:00;17;T9;;;AUSENCIA;;;;
26;3;5/04/2024;22:49:00;17;T10;;;AUSENCIA;;;;
26;3;5/04/2024;22:50:00;17;T11;;;AUSENCIA;;;;
23;3;5/04/2024;21:40:00;18;T1;RUI;;AUSENCIA;;;;
23;3;5/04/2024;21:41:00;18;T2; SIL;;AUSENCIA;;;;
23;3;5/04/2024;21:42:00;18;T3; RES;;AUSENCIA;;;;
23;3;5/04/2024;21:43:00;18;T4; SIL;;AUSENCIA;;;;
23;3;5/04/2024;21:44:00;18;T5;SIL;;AUSENCIA;;;;
23;3;5/04/2024;21:45:00;18;T6; RES;;AUSENCIA;;;;
23;3;5/04/2024;21:46:00;18;T7; SIL;;AUSENCIA;;;;
23;3;5/04/2024;21:47:00;18;T8; RUI;;AUSENCIA;;;;
23;3;5/04/2024;21:48:00;18;T9;;;AUSENCIA;;;;
23;3;5/04/2024;21:49:00;18;T10;;;AUSENCIA;;;;
23;3;5/04/2024;21:50:00;18;T11;;;AUSENCIA;;;;
27;1;6/04/2024;20:00:00;19;T1;RES;;AUSENCIA;;;;
63;2;10/04/2024;20:00:00;19;T1;RES;;AUSENCIA;;;;
27;1;6/04/2024;20:01:00;19;T2; SIL;;AUSENCIA;;;;
63;2;10/04/2024;20:01:00;19;T2; SIL;;AUSENCIA;;;;
27;1;6/04/2024;20:02:00;19;T3; RUI;;AUSENCIA;;;;
63;2;10/04/2024;20:02:00;19;T3; RUI;;AUSENCIA;;;;
27;1;6/04/2024;20:03:00;19;T4; SIL;;AUSENCIA;;;;
63;2;10/04/2024;20:03:00;19;T4; SIL;;AUSENCIA;;;;
27;1;6/04/2024;20:04:00;19;T5; DIS;;AUSENCIA;;;;
63;2;10/04/2024;20:04:00;19;T5; DIS;;AUSENCIA;;;;
27;1;6/04/2024;20:05:00;19;T6; SIL;;AUSENCIA;;;;
63;2;10/04/2024;20:05:00;19;T6; SIL;;AUSENCIA;;;;
27;1;6/04/2024;20:06:00;19;T7;RES;;AUSENCIA;;;;
63;2;10/04/2024;20:06:00;19;T7;RES;;AUSENCIA;;;;
27;1;6/04/2024;20:07:00;19;T8; SIL;;AUSENCIA;;;;
63;2;10/04/2024;20:07:00;19;T8; SIL;;AUSENCIA;;;;
27;1;6/04/2024;20:08:00;19;T9; RUI;;AUSENCIA;;;;
63;2;10/04/2024;20:08:00;19;T9; RUI;;AUSENCIA;;;;
27;1;6/04/2024;20:09:00;19;T10;SIL;;AUSENCIA;;;;
63;2;10/04/2024;20:09:00;19;T10;SIL;;AUSENCIA;;;;
27;1;6/04/2024;20:10:00;19;T11;DIS;;AUSENCIA;;;;
63;2;10/04/2024;20:10:00;19;T11;DIS;;AUSENCIA;;;;
35;1;6/04/2024;22:40:00;19;T1;RES;;AUSENCIA;;;;
35;1;6/04/2024;22:41:00;19;T2; SIL;;AUSENCIA;;;;
35;1;6/04/2024;22:42:00;19;T3; RUI;;AUSENCIA;;;;
35;1;6/04/2024;22:43:00;19;T4; SIL;;AUSENCIA;;;;
35;1;6/04/2024;22:44:00;19;T5; DIS;;AUSENCIA;;;;
35;1;6/04/2024;22:45:00;19;T6; SIL;;AUSENCIA;;;;
35;1;6/04/2024;22:46:00;19;T7;RES;;AUSENCIA;;;;
35;1;6/04/2024;22:47:00;19;T8; SIL;;AUSENCIA;;;;
35;1;6/04/2024;22:48:00;19;T9; RUI;;AUSENCIA;;;;
35;1;6/04/2024;22:49:00;19;T10;SIL;;AUSENCIA;;;;
35;1;6/04/2024;22:50:00;19;T11;DIS;;AUSENCIA;;;;
28;1;6/04/2024;20:20:00;20;T1;DIS;;AUSENCIA;;;;
64;2;10/04/2024;20:20:00;20;T1;DIS;;AUSENCIA;;;;
28;1;6/04/2024;20:21:00;20;T2; SIL;;AUSENCIA;;;;
64;2;10/04/2024;20:21:00;20;T2; SIL;;AUSENCIA;;;;
28;1;6/04/2024;20:22:00;20;T3; RUI;;AUSENCIA;;;;
64;2;10/04/2024;20:22:00;20;T3; RUI;;AUSENCIA;;;;
28;1;6/04/2024;20:23:00;20;T4; SIL;;AUSENCIA;;;;
64;2;10/04/2024;20:23:00;20;T4; SIL;;AUSENCIA;;;;
28;1;6/04/2024;20:24:00;20;T5; RUI;;AUSENCIA;;;;
64;2;10/04/2024;20:24:00;20;T5; RUI;;AUSENCIA;;;;
28;1;6/04/2024;20:25:00;20;T6; SIL;;AUSENCIA;;;;
64;2;10/04/2024;20:25:00;20;T6; SIL;;AUSENCIA;;;;
28;1;6/04/2024;20:26:00;20;T7; RES;;AUSENCIA;;;;
64;2;10/04/2024;20:26:00;20;T7; RES;;AUSENCIA;;;;
28;1;6/04/2024;20:27:00;20;T8; SIL;;AUSENCIA;;;;
64;2;10/04/2024;20:27:00;20;T8; SIL;;AUSENCIA;;;;
28;1;6/04/2024;20:28:00;20;T9; DIS;;AUSENCIA;;;;
64;2;10/04/2024;20:28:00;20;T9; DIS;;AUSENCIA;;;;
28;1;6/04/2024;20:29:00;20;T10;  SIL;;AUSENCIA;;;;
64;2;10/04/2024;20:29:00;20;T10;  SIL;;AUSENCIA;;;;
28;1;6/04/2024;20:30:00;20;T11; RES;;AUSENCIA;;;;
64;2;10/04/2024;20:30:00;20;T11; RES;;AUSENCIA;;;;
29;1;6/04/2024;20:40:00;21;T1;RES;;AUSENCIA;;;;
65;2;10/04/2024;20:40:00;21;T1;RES;20:40:22;TRANSITO;NIDEA;NOR_GCH0001_000000_20240410203959_0707;;
29;1;6/04/2024;20:41:00;21;T2; SIL;;AUSENCIA;;;;
65;2;10/04/2024;20:41:00;21;T2; SIL;;AUSENCIA;;;;
29;1;6/04/2024;20:42:00;21;T3; DIS;;AUSENCIA;;;;
65;2;10/04/2024;20:42:00;21;T3; DIS;;AUSENCIA;;;;
29;1;6/04/2024;20:43:00;21;T4; SIL ;;AUSENCIA;;;;
65;2;10/04/2024;20:43:00;21;T4; SIL ;;AUSENCIA;;;;
29;1;6/04/2024;20:44:00;21;T5;RUI;;AUSENCIA;;;;
65;2;10/04/2024;20:44:00;21;T5;RUI;;AUSENCIA;;;;
29;1;6/04/2024;20:45:00;21;T6;RUI;20:45:11;TRANSITO;Myotis sp1;NOR_GCH0001_000000_20240406204006_0626;20240406_204000.Table.1.selections.txt;
65;2;10/04/2024;20:45:00;21;T6; SIL;;AUSENCIA;;;;
29;1;6/04/2024;20:46:00;21;T7; DIS;;AUSENCIA;;;;
65;2;10/04/2024;20:46:00;21;T7; DIS;;AUSENCIA;;;;
29;1;6/04/2024;20:47:00;21;T8; SIL;;AUSENCIA;;;;
65;2;10/04/2024;20:47:00;21;T8; SIL;;AUSENCIA;;;;
29;1;6/04/2024;20:48:00;21;T9; RUI;;AUSENCIA;;;;
65;2;10/04/2024;20:48:00;21;T9; RUI;;AUSENCIA;;;;
29;1;6/04/2024;20:49:00;21;T10; SIL;;AUSENCIA;;;;
65;2;10/04/2024;20:49:00;21;T10; SIL;;AUSENCIA;;;;
29;1;6/04/2024;20:50:00;21;T11;  RES;;AUSENCIA;;;;
65;2;10/04/2024;20:50:00;21;T11;  RES;;AUSENCIA;;;;
33;1;6/04/2024;22:00:00;21;T1;RES;;AUSENCIA;;;;
33;1;6/04/2024;22:01:00;21;T2; SIL;;AUSENCIA;;;;
33;1;6/04/2024;22:02:00;21;T3; DIS;;AUSENCIA;;;;
33;1;6/04/2024;22:03:00;21;T4; SIL ;;AUSENCIA;;;;
33;1;6/04/2024;22:04:00;21;T5;RUI;;AUSENCIA;;;;
33;1;6/04/2024;22:05:00;21;T6; SIL;;AUSENCIA;;;;
33;1;6/04/2024;22:06:00;21;T7; DIS;;AUSENCIA;;;;
33;1;6/04/2024;22:07:00;21;T8; SIL;;AUSENCIA;;;;
33;1;6/04/2024;22:08:00;21;T9; RUI;;AUSENCIA;;;;
33;1;6/04/2024;22:09:00;21;T10; SIL;;AUSENCIA;;;;
33;1;6/04/2024;22:10:00;21;T11;  RES;;AUSENCIA;;;;
30;1;6/04/2024;21:00:00;22;T1;RUI;;AUSENCIA;;;;
66;2;10/04/2024;21:00:00;22;T1;RUI;;AUSENCIA;;;;
30;1;6/04/2024;21:01:00;22;T2; SIL;;AUSENCIA;;;;
66;2;10/04/2024;21:01:00;22;T2; SIL;;AUSENCIA;;;;
30;1;6/04/2024;21:02:00;22;T3; RES;;AUSENCIA;;;;
66;2;10/04/2024;21:02:00;22;T3; RES;;AUSENCIA;;;;
30;1;6/04/2024;21:03:00;22;T4; SIL;;AUSENCIA;;;;
66;2;10/04/2024;21:03:00;22;T4; SIL;;AUSENCIA;;;;
30;1;6/04/2024;21:04:00;22;T5; DIS;;AUSENCIA;;;;
66;2;10/04/2024;21:04:00;22;T5; DIS;;AUSENCIA;;;;
30;1;6/04/2024;21:05:00;22;T6; SIL;;AUSENCIA;;;;
66;2;10/04/2024;21:05:00;22;T6; SIL;;AUSENCIA;;;;
30;1;6/04/2024;21:06:00;22;T7; DIS;;AUSENCIA;;;;
66;2;10/04/2024;21:06:00;22;T7; DIS;;AUSENCIA;;;;
30;1;6/04/2024;21:07:00;22;T8; SIL;;AUSENCIA;;;;
66;2;10/04/2024;21:07:00;22;T8; SIL;;AUSENCIA;;;;
30;1;6/04/2024;21:08:00;22;T9; RUI;;AUSENCIA;;;;
66;2;10/04/2024;21:08:00;22;T9; RUI;;AUSENCIA;;;;
30;1;6/04/2024;21:09:00;22;T10; SIL;;AUSENCIA;;;;
66;2;10/04/2024;21:09:00;22;T10; SIL;;AUSENCIA;;;;
30;1;6/04/2024;21:10:00;22;T11; RES;;AUSENCIA;;;;
66;2;10/04/2024;21:10:00;22;T11; RES;;AUSENCIA;;;;
31;1;6/04/2024;21:20:00;23;T1;DIS;;AUSENCIA;;;;
67;2;10/04/2024;21:20:00;23;T1;DIS;;AUSENCIA;;;;
31;1;6/04/2024;21:21:00;23;T2;SIL;;AUSENCIA;;;;
67;2;10/04/2024;21:21:00;23;T2;SIL;;AUSENCIA;;;;
31;1;6/04/2024;21:22:00;23;T3; RES;;AUSENCIA;;;;
67;2;10/04/2024;21:22:00;23;T3; RES;;AUSENCIA;;;;
31;1;6/04/2024;21:23:00;23;T4; SIL;;AUSENCIA;;;;
67;2;10/04/2024;21:23:00;23;T4;SIL;21:23:54;TRANSITO;NIDEA2;NOR_GCH0001_000000_20240410211957_0711;;
67;2;10/04/2024;21:23:00;23;T4;SIL;21:23:54;TRANSITO;NIDEA2;NOR_GCH0001_000000_20240410211957_0711;;
31;1;6/04/2024;21:24:00;23;T5; RES;;AUSENCIA;;;;
67;2;10/04/2024;21:24:00;23;T5;SIL;21:24:01;TRANSITO;NIDEA2;NOR_GCH0001_000000_20240410211957_0711;;
31;1;6/04/2024;21:25:00;23;T6; SIL;;AUSENCIA;;;;
67;2;10/04/2024;21:25:00;23;T6; SIL;;AUSENCIA;;;;
31;1;6/04/2024;21:26:00;23;T7; RUI;;AUSENCIA;;;;
67;2;10/04/2024;21:26:00;23;T7;RUI;21:26:17;TRANSITO;Phyllstomidae SP3;NOR_GCH0001_000000_20240410211957_0711;;Bien grande, revisa directamente la entrada de la hoja 
67;2;10/04/2024;21:26:00;23;T7;RUI;21:26:18;REVISION;Phyllstomidae SP3;NOR_GCH0001_000000_20240410211957_0711;;
67;2;10/04/2024;21:26:00;23;T7;RUI;21:26:19;TRANSITO;Phyllstomidae SP3;NOR_GCH0001_000000_20240410211957_0711;;
31;1;6/04/2024;21:27:00;23;T8; SIL;;AUSENCIA;;;;
67;2;10/04/2024;21:27:00;23;T8; SIL;;AUSENCIA;;;;
31;1;6/04/2024;21:28:00;23;T9; RUI;;AUSENCIA;;;;
67;2;10/04/2024;21:28:00;23;T9; RUI;;AUSENCIA;;;;
31;1;6/04/2024;21:29:00;23;T10; SIL;;AUSENCIA;;;;
67;2;10/04/2024;21:29:00;23;T10; SIL;;AUSENCIA;;;;
31;1;6/04/2024;21:30:00;23;T11; DIS;;AUSENCIA;;;;
67;2;10/04/2024;21:30:00;23;T11; DIS;;AUSENCIA;;;;
34;1;6/04/2024;22:20:00;23;T1;DIS;;AUSENCIA;;;;
34;1;6/04/2024;22:21:00;23;T2;SIL;;AUSENCIA;;;;
34;1;6/04/2024;22:22:00;23;T3; RES;;AUSENCIA;;;;
34;1;6/04/2024;22:23:00;23;T4; SIL;;AUSENCIA;;;;
34;1;6/04/2024;22:24:00;23;T5; RES;;AUSENCIA;;;;
34;1;6/04/2024;22:25:00;23;T6; SIL;;AUSENCIA;;;;
34;1;6/04/2024;22:26:00;23;T7; RUI;;AUSENCIA;;;;
34;1;6/04/2024;22:27:00;23;T8; SIL;;AUSENCIA;;;;
34;1;6/04/2024;22:28:00;23;T9; RUI;;AUSENCIA;;;;
34;1;6/04/2024;22:29:00;23;T10; SIL;;AUSENCIA;;;;
34;1;6/04/2024;22:30:00;23;T11; DIS;;AUSENCIA;;;;
32;1;6/04/2024;21:40:00;24;T1;RUI;;AUSENCIA;;;;
68;2;10/04/2024;21:40:00;24;T1;RUI;;AUSENCIA;;;;
32;1;6/04/2024;21:41:00;24;T2; SIL;;AUSENCIA;;;;
68;2;10/04/2024;21:41:00;24;T2; SIL;;AUSENCIA;;;;
32;1;6/04/2024;21:42:00;24;T3; DIS;;AUSENCIA;;;;
68;2;10/04/2024;21:42:00;24;T3; DIS;;AUSENCIA;;;;
32;1;6/04/2024;21:43:00;24;T4; SIL;;AUSENCIA;;;;
68;2;10/04/2024;21:43:00;24;T4; SIL;;AUSENCIA;;;;
32;1;6/04/2024;21:44:00;24;T5; RES;;AUSENCIA;;;;
68;2;10/04/2024;21:44:00;24;T5; RES;;AUSENCIA;;;;
32;1;6/04/2024;21:45:00;24;T6; SIL;;AUSENCIA;;;;
68;2;10/04/2024;21:45:00;24;T6; SIL;;AUSENCIA;;;;
32;1;6/04/2024;21:46:00;24;T7;DIS;;AUSENCIA;;;;
68;2;10/04/2024;21:46:00;24;T7;DIS;;AUSENCIA;;;;
32;1;6/04/2024;21:47:00;24;T8; SIL;;AUSENCIA;;;;
68;2;10/04/2024;21:47:00;24;T8; SIL;;AUSENCIA;;;;
32;1;6/04/2024;21:48:00;24;T9; RES;;AUSENCIA;;;;
68;2;10/04/2024;21:48:00;24;T9; RES;;AUSENCIA;;;;
32;1;6/04/2024;21:49:00;24;T10; SIL;;AUSENCIA;;;;
68;2;10/04/2024;21:49:00;24;T10; SIL;;AUSENCIA;;;;
32;1;6/04/2024;21:50:00;24;T11; RUI;;AUSENCIA;;;;
68;2;10/04/2024;21:50:00;24;T11; RUI;;AUSENCIA;;;;
36;2;7/04/2024;20:00:00;25;T1;DIS;20:00:31;TRANSITO;Phyllostomidae SP1;NOR_GCH0001_000000_20240407200000_0642;;
36;2;7/04/2024;20:00:00;25;T1;DIS;20:00:34;REVISION;Phyllostomidae SP1;NOR_GCH0001_000000_20240407200000_0642;;
36;2;7/04/2024;20:00:00;25;T1;DIS;20:00:36;REVISION;Phyllostomidae SP1;NOR_GCH0001_000000_20240407200000_0642;;
36;2;7/04/2024;20:00:00;25;T1;DIS;20:00:37;TRANSITO;Phyllostomidae SP1;NOR_GCH0001_000000_20240407200000_0642;;
36;2;7/04/2024;20:01:00;25;T2;SIL;;AUSENCIA;;;;
36;2;7/04/2024;20:02:00;25;T3; RES;;AUSENCIA;;;;
36;2;7/04/2024;20:03:00;25;T4; SIL;;AUSENCIA;;;;
36;2;7/04/2024;20:04:00;25;T5; RES;;AUSENCIA;;;;
36;2;7/04/2024;20:05:00;25;T6; SIL;;AUSENCIA;;;;
36;2;7/04/2024;20:06:00;25;T7; RUI;;AUSENCIA;;;;
36;2;7/04/2024;20:07:00;25;T8; SIL;;AUSENCIA;;;;
36;2;7/04/2024;20:08:00;25;T9; RUI;;AUSENCIA;;;;
36;2;7/04/2024;20:09:00;25;T10; SIL;;AUSENCIA;;;;
36;2;7/04/2024;20:10:00;25;T11; DIS;;AUSENCIA;;;;
77;3;11/04/2024;21:40:00;25;T1;DIS;;AUSENCIA;;;;
77;3;11/04/2024;21:41:00;25;T2;SIL;;AUSENCIA;;;;
77;3;11/04/2024;21:42:00;25;T3; RES;;AUSENCIA;;;;
77;3;11/04/2024;21:43:00;25;T4; SIL;;AUSENCIA;;;;
77;3;11/04/2024;21:44:00;25;T5; RES;;AUSENCIA;;;;
77;3;11/04/2024;21:45:00;25;T6; SIL;;AUSENCIA;;;;
77;3;11/04/2024;21:46:00;25;T7; RUI;;AUSENCIA;;;;
77;3;11/04/2024;21:47:00;25;T8; SIL;;AUSENCIA;;;;
77;3;11/04/2024;21:48:00;25;T9; RUI;;AUSENCIA;;;;
77;3;11/04/2024;21:49:00;25;T10; SIL;;AUSENCIA;;;;
77;3;11/04/2024;21:50:00;25;T11; DIS;;AUSENCIA;;;;
37;2;7/04/2024;20:20:00;26;T1;RUI;;AUSENCIA;;;;
37;2;7/04/2024;20:21:00;26;T2; SIL;;AUSENCIA;;;;
37;2;7/04/2024;20:22:00;26;T3; DIS;;AUSENCIA;;;;
37;2;7/04/2024;20:23:00;26;T4; SIL;;AUSENCIA;;;;
37;2;7/04/2024;20:24:00;26;T5; RES;;AUSENCIA;;;;
37;2;7/04/2024;20:25:00;26;T6; SIL;;AUSENCIA;;;;
37;2;7/04/2024;20:26:00;26;T7;DIS;;AUSENCIA;;;;
37;2;7/04/2024;20:27:00;26;T8; SIL;;AUSENCIA;;;;
37;2;7/04/2024;20:28:00;26;T9; RES;;AUSENCIA;;;;
37;2;7/04/2024;20:29:00;26;T10; SIL;;AUSENCIA;;;;
37;2;7/04/2024;20:30:00;26;T11; RUI;;AUSENCIA;;;;
76;3;11/04/2024;21:20:00;26;T1;RUI;;AUSENCIA;;;;
76;3;11/04/2024;21:21:00;26;T2; SIL;;AUSENCIA;;;;
76;3;11/04/2024;21:22:00;26;T3;DIS;21:22:31;TRANSITO;Phyllostomidae SP4;NOR_GCH0001_000000_20240411211958_0731;;MUY GRANDE
76;3;11/04/2024;21:23:00;26;T4; SIL;;AUSENCIA;;;;
76;3;11/04/2024;21:24:00;26;T5; RES;;AUSENCIA;;;;
76;3;11/04/2024;21:25:00;26;T6; SIL;;AUSENCIA;;;;
76;3;11/04/2024;21:26:00;26;T7;DIS;21:26:29;TRANSITO;Phyllostomidae SP4;NOR_GCH0001_000000_20240411211958_0731;;
76;3;11/04/2024;21:27:00;26;T8; SIL;;AUSENCIA;;;;
76;3;11/04/2024;21:28:00;26;T9; RES;;AUSENCIA;;;;
76;3;11/04/2024;21:29:00;26;T10; SIL;;AUSENCIA;;;;
76;3;11/04/2024;21:30:00;26;T11; RUI;;AUSENCIA;;;;
42;2;7/04/2024;22:00:00;26;T1;RUI;;AUSENCIA;;;;
42;2;7/04/2024;22:01:00;26;T2; SIL;;AUSENCIA;;;;
42;2;7/04/2024;22:02:00;26;T3; DIS;;AUSENCIA;;;;
42;2;7/04/2024;22:03:00;26;T4; SIL;;AUSENCIA;;;;
42;2;7/04/2024;22:04:00;26;T5; RES;;AUSENCIA;;;;
42;2;7/04/2024;22:05:00;26;T6; SIL;;AUSENCIA;;;;
42;2;7/04/2024;22:06:00;26;T7;DIS;;AUSENCIA;;;;
42;2;7/04/2024;22:07:00;26;T8; SIL;;AUSENCIA;;;;
42;2;7/04/2024;22:08:00;26;T9; RES;;AUSENCIA;;;;
42;2;7/04/2024;22:09:00;26;T10; SIL;;AUSENCIA;;;;
42;2;7/04/2024;22:10:00;26;T11; RUI;;AUSENCIA;;;;
73;3;11/04/2024;20:20:00;27;T1;RES;;AUSENCIA;;;;
73;3;11/04/2024;20:21:00;27;T2; SIL;;AUSENCIA;;;;
73;3;11/04/2024;20:22:00;27;T3; DIS;;AUSENCIA;;;;
73;3;11/04/2024;20:23:00;27;T4; SIL ;;AUSENCIA;;;;
73;3;11/04/2024;20:24:00;27;T5;RUI;;AUSENCIA;;;;
73;3;11/04/2024;20:25:00;27;T6; SIL;;AUSENCIA;;;;
73;3;11/04/2024;20:26:00;27;T7; DIS;;AUSENCIA;;;;
73;3;11/04/2024;20:27:00;27;T8;DIS;20:27:27;TRANSITO;NIDEA3;NOR_GCH0001_000000_20240411202000_0725;no abre en raven, en avisoft se ven unos sonidos que podrian ser consulta de TT;parece thytri pero tambien podria ser un derm
73;3;11/04/2024;20:27:00;27;T8;DIS;20:27:28;REVISION;NIDEA3;NOR_GCH0001_000000_20240411202000_0725;;parece thytri pero tambien podria ser un derm
73;3;11/04/2024;20:27:00;27;T8;DIS;20:27:29;REVISION;NIDEA3;NOR_GCH0001_000000_20240411202000_0725;;parece thytri pero tambien podria ser un derm
73;3;11/04/2024;20:27:00;27;T8;DIS;20:27:30;TRANSITO;NIDEA3;NOR_GCH0001_000000_20240411202000_0725;;parece thytri pero tambien podria ser un derm
73;3;11/04/2024;20:27:00;27;T8;DIS;20:27:31;REVISION;NIDEA3;NOR_GCH0001_000000_20240411202000_0725;;parece thytri pero tambien podria ser un derm
73;3;11/04/2024;20:27:00;27;T8;DIS;20:27:32;REVISION;NIDEA3;NOR_GCH0001_000000_20240411202000_0725;;parece thytri pero tambien podria ser un derm
73;3;11/04/2024;20:28:00;27;T9; RUI;;AUSENCIA;;;;
73;3;11/04/2024;20:29:00;27;T10; SIL;;AUSENCIA;;;;
73;3;11/04/2024;20:30:00;27;T11;  RES;;AUSENCIA;;;;
38;2;7/04/2024;20:40:00;27;T1;RES;;AUSENCIA;;;;
38;2;7/04/2024;20:41:00;27;T2; SIL;;AUSENCIA;;;;
38;2;7/04/2024;20:42:00;27;T3; DIS;;AUSENCIA;;;;
38;2;7/04/2024;20:43:00;27;T4; SIL ;;AUSENCIA;;;;
38;2;7/04/2024;20:44:00;27;T5;RUI;;AUSENCIA;;;;
38;2;7/04/2024;20:45:00;27;T6; SIL;;AUSENCIA;;;;
38;2;7/04/2024;20:46:00;27;T7; DIS;;AUSENCIA;;;;
38;2;7/04/2024;20:47:00;27;T8; SIL;;AUSENCIA;;;;
38;2;7/04/2024;20:48:00;27;T9; RUI;;AUSENCIA;;;;
38;2;7/04/2024;20:49:00;27;T10; SIL;;AUSENCIA;;;;
38;2;7/04/2024;20:50:00;27;T11;  RES;;AUSENCIA;;;;
74;3;11/04/2024;20:40:00;28;T1;RUI;;AUSENCIA;;;;
74;3;11/04/2024;20:41:00;28;T2; SIL;;AUSENCIA;;;;
74;3;11/04/2024;20:42:00;28;T3; RES;;AUSENCIA;;;;
74;3;11/04/2024;20:43:00;28;T4; SIL;;AUSENCIA;;;;
74;3;11/04/2024;20:44:00;28;T5; DIS;;AUSENCIA;;;;
74;3;11/04/2024;20:45:00;28;T6; SIL;;AUSENCIA;;;;
74;3;11/04/2024;20:46:00;28;T7;DIS;20:46:40;REVISION;NIDEA3;NOR_GCH0001_000000_20240411203959_0727;20240411_203838.Table.1.selections;Tamaño mediado a grande, color oscuro. En los seg que aparesen se ven unos sonidos parecidos a los de consulta pero no ccreo qie sea TT
74;3;11/04/2024;20:46:00;28;T7;DIS;20:46:41;REVISION;NIDEA4;NOR_GCH0001_000000_20240411203959_0727;;
74;3;11/04/2024;20:46:00;28;T7;DIS;20:46:42;TRANSITO;NIDEA4;NOR_GCH0001_000000_20240411203959_0727;;
74;3;11/04/2024;20:46:00;28;T7;DIS;20:46:44;REVISION;NIDEA4;NOR_GCH0001_000000_20240411203959_0727;;
74;3;11/04/2024;20:46:00;28;T7;DIS;20:46:45;TRANSITO;NIDEA4;NOR_GCH0001_000000_20240411203959_0727;;
74;3;11/04/2024;20:46:00;28;T7;DIS;20:46:46;TRANSITO;NIDEA4;NOR_GCH0001_000000_20240411203959_0727;;
74;3;11/04/2024;20:46:00;28;T7;DIS;20:46:47;REVISION;NIDEA4;NOR_GCH0001_000000_20240411203959_0727;;
74;3;11/04/2024;20:46:00;28;T7;DIS;20:46:48;TRANSITO;NIDEA4;NOR_GCH0001_000000_20240411203959_0727;;
74;3;11/04/2024;20:47:00;28;T8; SIL;;AUSENCIA;;;;
74;3;11/04/2024;20:48:00;28;T9; RUI;;AUSENCIA;;;;
74;3;11/04/2024;20:49:00;28;T10; SIL;;AUSENCIA;;;;
74;3;11/04/2024;20:50:00;28;T11; RES;;AUSENCIA;;;;
39;2;7/04/2024;21:00:00;28;T1;RUI;;AUSENCIA;;;;
39;2;7/04/2024;21:01:00;28;T2; SIL;;AUSENCIA;;;;
39;2;7/04/2024;21:02:00;28;T3; RES;;AUSENCIA;;;;
39;2;7/04/2024;21:03:00;28;T4; SIL;;AUSENCIA;;;;
39;2;7/04/2024;21:04:00;28;T5; DIS;;AUSENCIA;;;;
39;2;7/04/2024;21:05:00;28;T6; SIL;;AUSENCIA;;;;
39;2;7/04/2024;21:06:00;28;T7; DIS;;AUSENCIA;;;;
39;2;7/04/2024;21:07:00;28;T8; SIL;;AUSENCIA;;;;
39;2;7/04/2024;21:08:00;28;T9; RUI;;AUSENCIA;;;;
39;2;7/04/2024;21:09:00;28;T10; SIL;;AUSENCIA;;;;
39;2;7/04/2024;21:10:00;28;T11; RES;;AUSENCIA;;;;
43;2;7/04/2024;22:20:00;28;T1;RUI;;AUSENCIA;;;;
43;2;7/04/2024;22:21:00;28;T2; SIL;;AUSENCIA;;;;
43;2;7/04/2024;22:22:00;28;T3; RES;;AUSENCIA;;;;
43;2;7/04/2024;22:23:00;28;T4; SIL;;AUSENCIA;;;;
43;2;7/04/2024;22:24:00;28;T5; DIS;;AUSENCIA;;;;
43;2;7/04/2024;22:25:00;28;T6; SIL;;AUSENCIA;;;;
43;2;7/04/2024;22:26:00;28;T7; DIS;;AUSENCIA;;;;
43;2;7/04/2024;22:27:00;28;T8; SIL;;AUSENCIA;;;;
43;2;7/04/2024;22:28:00;28;T9; RUI;;AUSENCIA;;;;
43;2;7/04/2024;22:29:00;28;T10; SIL;;AUSENCIA;;;;
43;2;7/04/2024;22:30:00;28;T11; RES;;AUSENCIA;;;;
72;3;11/04/2024;20:00:00;29;T1;RES;;AUSENCIA;;;;
72;3;11/04/2024;20:01:00;29;T2; SIL;;AUSENCIA;;;;
72;3;11/04/2024;20:02:00;29;T3; RUI;;AUSENCIA;;;;
72;3;11/04/2024;20:03:00;29;T4; SIL;;AUSENCIA;;;;
72;3;11/04/2024;20:04:00;29;T5; DIS;;AUSENCIA;;;;
72;3;11/04/2024;20:05:00;29;T6; SIL;;AUSENCIA;;;;
72;3;11/04/2024;20:06:00;29;T7;RES;;AUSENCIA;;;;
72;3;11/04/2024;20:07:00;29;T8; SIL;;AUSENCIA;;;;
72;3;11/04/2024;20:08:00;29;T9; RUI;;AUSENCIA;;;;
72;3;11/04/2024;20:09:00;29;T10;SIL;;AUSENCIA;;;;
72;3;11/04/2024;20:10:00;29;T11;DIS;;AUSENCIA;;;;
40;2;7/04/2024;21:20:00;29;T1;RES;;AUSENCIA;;;;
40;2;7/04/2024;21:21:00;29;T2; SIL;;AUSENCIA;;;;
40;2;7/04/2024;21:22:00;29;T3;RUI;21:22:30;TRANSITO;Phyllostomidae SP1;NOR_GCH0001_000000_20240407211958_0650;20240407_212000.Table.1.selections;
40;2;7/04/2024;21:22:00;29;T3;RUI;21:22:32;REVISION;Phyllostomidae SP1;NOR_GCH0001_000000_20240407211958_0650;20240407_212000.Table.1.selections;
40;2;7/04/2024;21:23:00;29;T4; SIL;;AUSENCIA;;;;
40;2;7/04/2024;21:24:00;29;T5; DIS;;AUSENCIA;;;;
40;2;7/04/2024;21:25:00;29;T6; SIL;;AUSENCIA;;;;
40;2;7/04/2024;21:26:00;29;T7;RES;;AUSENCIA;;;;
40;2;7/04/2024;21:27:00;29;T8; SIL;;AUSENCIA;;;;
40;2;7/04/2024;21:28:00;29;T9; RUI;;AUSENCIA;;;;
40;2;7/04/2024;21:29:00;29;T10;SIL;;AUSENCIA;;;;
40;2;7/04/2024;21:30:00;29;T11;DIS;21:30:44;TRANSITO;Phyllostomidae SP1;NOR_GCH0001_000000_20240407212958_0651;20240407_212000.Table.1.selections;
41;2;7/04/2024;21:40:00;30;T1;DIS;;AUSENCIA;;;;
41;2;7/04/2024;21:41:00;30;T2; SIL;;AUSENCIA;;;;
41;2;7/04/2024;21:42:00;30;T3; RUI;;AUSENCIA;;;;
41;2;7/04/2024;21:43:00;30;T4; SIL;;AUSENCIA;;;;
41;2;7/04/2024;21:44:00;30;T5; RUI;;AUSENCIA;;;;
41;2;7/04/2024;21:45:00;30;T6; SIL;;AUSENCIA;;;;
41;2;7/04/2024;21:46:00;30;T7; RES;;AUSENCIA;;;;
41;2;7/04/2024;21:47:00;30;T8; SIL;;AUSENCIA;;;;
41;2;7/04/2024;21:48:00;30;T9; DIS;;AUSENCIA;;;;
41;2;7/04/2024;21:49:00;30;T10;  SIL;;AUSENCIA;;;;
41;2;7/04/2024;21:50:00;30;T11; RES;;AUSENCIA;;;;
78;3;11/04/2024;22:00:00;30;T1;DIS;;AUSENCIA;;;;
78;3;11/04/2024;22:01:00;30;T2; SIL;;AUSENCIA;;;;
78;3;11/04/2024;22:02:00;30;T3; RUI;;AUSENCIA;;;;
78;3;11/04/2024;22:03:00;30;T4; SIL;;AUSENCIA;;;;
78;3;11/04/2024;22:04:00;30;T5; RUI;;AUSENCIA;;;;
78;3;11/04/2024;22:05:00;30;T6; SIL;;AUSENCIA;;;;
78;3;11/04/2024;22:06:00;30;T7; RES;;AUSENCIA;;;;
78;3;11/04/2024;22:07:00;30;T8; SIL;;AUSENCIA;;;;
78;3;11/04/2024;22:08:00;30;T9;RUI;22:08:54;TRANSITO;Phyllostomidae S45;NOR_GCH0001_000000_20240411215957_0735;;
78;3;11/04/2024;22:09:00;30;T10;  SIL;;AUSENCIA;;;;
78;3;11/04/2024;22:10:00;30;T11; RES;;AUSENCIA;;;;
44;2;7/04/2024;22:40:00;30;T1;DIS;;AUSENCIA;;;;
44;2;7/04/2024;22:41:00;30;T2; SIL;;AUSENCIA;;;;
44;2;7/04/2024;22:42:00;30;T3; RUI;;AUSENCIA;;;;
44;2;7/04/2024;22:43:00;30;T4; SIL;;AUSENCIA;;;;
44;2;7/04/2024;22:44:00;30;T5; RUI;;AUSENCIA;;;;
44;2;7/04/2024;22:45:00;30;T6; SIL;;AUSENCIA;;;;
44;2;7/04/2024;22:46:00;30;T7; RES;;AUSENCIA;;;;
44;2;7/04/2024;22:47:00;30;T8;RES;22:47:00;TRANSITO;Phyllostomidae SP1;NOR_GCH0001_000000_20240407223956_0658;;
44;2;7/04/2024;22:47:00;30;T8;RES;22:47:01;REVISION;Phyllostomidae SP1;NOR_GCH0001_000000_20240407223956_0658;;
44;2;7/04/2024;22:48:00;30;T9; DIS;;AUSENCIA;;;;
44;2;7/04/2024;22:49:00;30;T10;  SIL;;AUSENCIA;;;;
44;2;7/04/2024;22:50:00;30;T11; RES;;AUSENCIA;;;;
45;3;8/04/2024;20:00:00;31;T1;DIS;;AUSENCIA;;;;
45;3;8/04/2024;20:01:00;31;T2;SIL;;AUSENCIA;;;;
45;3;8/04/2024;20:02:00;31;T3; RES;;AUSENCIA;;;;
45;3;8/04/2024;20:03:00;31;T4; SIL;;AUSENCIA;;;;
45;3;8/04/2024;20:04:00;31;T5; RES;;AUSENCIA;;;;
45;3;8/04/2024;20:05:00;31;T6; SIL;;AUSENCIA;;;;
45;3;8/04/2024;20:06:00;31;T7; RUI;;AUSENCIA;;;;
45;3;8/04/2024;20:07:00;31;T8; SIL;;AUSENCIA;;;;
45;3;8/04/2024;20:08:00;31;T9; RUI;;AUSENCIA;;;;
45;3;8/04/2024;20:09:00;31;T10; SIL;;AUSENCIA;;;;
45;3;8/04/2024;20:10:00;31;T11; DIS;;AUSENCIA;;;;
46;3;8/04/2024;20:20:00;32;T1;RUI;;AUSENCIA;;;;
46;3;8/04/2024;20:21:00;32;T2; SIL;;AUSENCIA;;;;
46;3;8/04/2024;20:22:00;32;T3;DIS;20:22:55;TRANSITO;VE SP1;NOR_GCH0001_000000_20240408202024_0665;;muy rapido
46;3;8/04/2024;20:23:00;32;T4; SIL;;AUSENCIA;;;;
46;3;8/04/2024;20:24:00;32;T5; RES;;AUSENCIA;;;;
46;3;8/04/2024;20:25:00;32;T6; SIL;;AUSENCIA;;;;
46;3;8/04/2024;20:26:00;32;T7;DIS;;AUSENCIA;;;;
46;3;8/04/2024;20:27:00;32;T8; SIL;;AUSENCIA;;;;
46;3;8/04/2024;20:28:00;32;T9; RES;;AUSENCIA;;;;
46;3;8/04/2024;20:29:00;32;T10; SIL;;AUSENCIA;;;;
46;3;8/04/2024;20:30:00;32;T11; RUI;;AUSENCIA;;;;
47;3;8/04/2024;20:40:00;33;T1;RES;;AUSENCIA;;;;
47;3;8/04/2024;20:41:00;33;T2; SIL;;AUSENCIA;;;;
47;3;8/04/2024;20:42:00;33;T3; RUI;;AUSENCIA;;;;
47;3;8/04/2024;20:43:00;33;T4; SIL;;AUSENCIA;;;;
47;3;8/04/2024;20:44:00;33;T5; DIS;;AUSENCIA;;;;
47;3;8/04/2024;20:45:00;33;T6; SIL;;AUSENCIA;;;;
47;3;8/04/2024;20:46:00;33;T7;RES;;AUSENCIA;;;;
47;3;8/04/2024;20:47:00;33;T8; SIL;;AUSENCIA;;;;
47;3;8/04/2024;20:48:00;33;T9; RUI;;AUSENCIA;;;;
47;3;8/04/2024;20:49:00;33;T10;SIL;;AUSENCIA;;;;
47;3;8/04/2024;20:50:00;33;T11;DIS;;AUSENCIA;;;;
48;3;8/04/2024;21:00:00;34;T1;RUI;;AUSENCIA;;;;
48;3;8/04/2024;21:01:00;34;T2; SIL;;AUSENCIA;;;;
48;3;8/04/2024;21:02:00;34;T3; RES;;AUSENCIA;;;;
48;3;8/04/2024;21:03:00;34;T4; SIL;;AUSENCIA;;;;
48;3;8/04/2024;21:04:00;34;T5; DIS;;AUSENCIA;;;;
48;3;8/04/2024;21:05:00;34;T6; SIL;;AUSENCIA;;;;
48;3;8/04/2024;21:06:00;34;T7; DIS;;AUSENCIA;;;;
48;3;8/04/2024;21:07:00;34;T8; SIL;;AUSENCIA;;;;
48;3;8/04/2024;21:08:00;34;T9; RUI;;AUSENCIA;;;;
48;3;8/04/2024;21:09:00;34;T10; SIL;;AUSENCIA;;;;
48;3;8/04/2024;21:10:00;34;T11; RES;;AUSENCIA;;;;
49;3;8/04/2024;21:20:00;35;T1;DIS;;AUSENCIA;;;;
49;3;8/04/2024;21:21:00;35;T2; SIL;;AUSENCIA;;;;
49;3;8/04/2024;21:22:00;35;T3; RUI;;AUSENCIA;;;;
49;3;8/04/2024;21:23:00;35;T4; SIL;;AUSENCIA;;;;
49;3;8/04/2024;21:24:00;35;T5; RUI;;AUSENCIA;;;;
49;3;8/04/2024;21:25:00;35;T6; SIL;;AUSENCIA;;;;
49;3;8/04/2024;21:26:00;35;T7; RES;;AUSENCIA;;;;
49;3;8/04/2024;21:27:00;35;T8; SIL;;AUSENCIA;;;;
49;3;8/04/2024;21:28:00;35;T9; DIS;;AUSENCIA;;;;
49;3;8/04/2024;21:29:00;35;T10;  SIL;;AUSENCIA;;;;
49;3;8/04/2024;21:30:00;35;T11; RES;;AUSENCIA;;;;
50;3;8/04/2024;21:40:00;36;T1;RES;;AUSENCIA;;;;
50;3;8/04/2024;21:41:00;36;T2; SIL;;AUSENCIA;;;;
50;3;8/04/2024;21:42:00;36;T3; DIS;;AUSENCIA;;;;
50;3;8/04/2024;21:43:00;36;T4; SIL ;;AUSENCIA;;;;
50;3;8/04/2024;21:44:00;36;T5;RUI;;AUSENCIA;;;;
50;3;8/04/2024;21:45:00;36;T6; SIL;;AUSENCIA;;;;
50;3;8/04/2024;21:46:00;36;T7; DIS;;AUSENCIA;;;;
50;3;8/04/2024;21:47:00;36;T8; SIL;;AUSENCIA;;;;
50;3;8/04/2024;21:48:00;36;T9; RUI;;AUSENCIA;;;;
50;3;8/04/2024;21:49:00;36;T10; SIL;;AUSENCIA;;;;
50;3;8/04/2024;21:50:00;36;T11;  RES;;AUSENCIA;;;;
51;3;8/04/2024;22:00:00;37;T1;DIS;;AUSENCIA;;;;
51;3;8/04/2024;22:01:00;37;T2; SIL;;AUSENCIA;;;;
51;3;8/04/2024;22:02:00;37;T3; RUI;;AUSENCIA;;;;
51;3;8/04/2024;22:03:00;37;T4; SIL;;AUSENCIA;;;;
51;3;8/04/2024;22:04:00;37;T5; RES;;AUSENCIA;;;;
51;3;8/04/2024;22:05:00;37;T6; SIL;;AUSENCIA;;;;
51;3;8/04/2024;22:06:00;37;T7; RES;;AUSENCIA;;;;
51;3;8/04/2024;22:07:00;37;T8; SIL;;AUSENCIA;;;;
51;3;8/04/2024;22:08:00;37;T9; DIS;;AUSENCIA;;;;
51;3;8/04/2024;22:09:00;37;T10;  SIL;;AUSENCIA;;;;
51;3;8/04/2024;22:10:00;37;T11; RUI;;AUSENCIA;;;;
52;3;8/04/2024;22:20:00;38;T1;RUI;;AUSENCIA;;;;
52;3;8/04/2024;22:21:00;38;T2; SIL;;AUSENCIA;;;;
52;3;8/04/2024;22:22:00;38;T3; RUI;;AUSENCIA;;;;
52;3;8/04/2024;22:23:00;38;T4; SIL;;AUSENCIA;;;;
52;3;8/04/2024;22:24:00;38;T5;DIS ;;AUSENCIA;;;;
52;3;8/04/2024;22:25:00;38;T6; SIL;;AUSENCIA;;;;
52;3;8/04/2024;22:26:00;38;T7;DIS;;AUSENCIA;;;;
52;3;8/04/2024;22:27:00;38;T8; SIL;;AUSENCIA;;;;
52;3;8/04/2024;22:28:00;38;T9; RES;;AUSENCIA;;;;
52;3;8/04/2024;22:29:00;38;T10; SIL;;AUSENCIA;;;;
52;3;8/04/2024;22:30:00;38;T11; RES;;AUSENCIA;;;;
53;3;8/04/2024;22:40:00;39;T1;RES;;AUSENCIA;;;;
53;3;8/04/2024;22:41:00;39;T2; SIL;;AUSENCIA;;;;
53;3;8/04/2024;22:42:00;39;T3; RUI ;;AUSENCIA;;;;
53;3;8/04/2024;22:43:00;39;T4; SIL ;;AUSENCIA;;;;
53;3;8/04/2024;22:44:00;39;T5;RES;;AUSENCIA;;;;
53;3;8/04/2024;22:45:00;39;T6; SIL;;AUSENCIA;;;;
53;3;8/04/2024;22:46:00;39;T7; DIS;;AUSENCIA;;;;
53;3;8/04/2024;22:47:00;39;T8; SIL;;AUSENCIA;;;;
53;3;8/04/2024;22:48:00;39;T9; RUI;;AUSENCIA;;;;
53;3;8/04/2024;22:49:00;39;T10; SIL;;AUSENCIA;;;;
53;3;8/04/2024;22:50:00;39;T11; DIS;;AUSENCIA;;;;
54;1;9/04/2024;20:00:00;40;T1;DIS;20:00:34;REVISION;;NOR_GCH0001_000000_20240409200000_0683;;parece thytri pero tambien podria ser un derm
54;1;9/04/2024;20:00:00;40;T1;DIS;20:00:35;TRANSITO;;NOR_GCH0001_000000_20240409200000_0683;;parece thytri pero tambien podria ser un derm
54;1;9/04/2024;20:00:00;40;T1;DIS;20:00:36;REVISION;;NOR_GCH0001_000000_20240409200000_0683;;parece thytri pero tambien podria ser un derm
54;1;9/04/2024;20:00:00;40;T1;DIS;20:00:37;TRANSITO;;NOR_GCH0001_000000_20240409200000_0683;;parece thytri pero tambien podria ser un derm
54;1;9/04/2024;20:01:00;40;T2; SIL;;AUSENCIA;;;;
54;1;9/04/2024;20:02:00;40;T3; RUI;;AUSENCIA;;;;
54;1;9/04/2024;20:03:00;40;T4; SIL;;AUSENCIA;;;;
54;1;9/04/2024;20:04:00;40;T5;DIS ;;AUSENCIA;;;;
54;1;9/04/2024;20:05:00;40;T6; SIL;;AUSENCIA;;;;
54;1;9/04/2024;20:06:00;40;T7;DIS;;AUSENCIA;;;;
54;1;9/04/2024;20:07:00;40;T8; SIL;;AUSENCIA;;;;
54;1;9/04/2024;20:08:00;40;T9;RES;20:08:58;TRANSITO;Phyllostomidae SP2;NOR_GCH0001_000000_20240409200000_0683;;muy rapido
54;1;9/04/2024;20:09:00;40;T10; SIL;;AUSENCIA;;;;
54;1;9/04/2024;20:10:00;40;T11;RES;20:10:58;TRANSITO;Phyllostomidae SP2;NOR_GCH0001_000000_20240409201000_0684;;muy rapido
55;1;9/04/2024;20:20:00;41;T1;RES;;AUSENCIA;;;;
55;1;9/04/2024;20:21:00;41;T2; SIL;;AUSENCIA;;;;
55;1;9/04/2024;20:22:00;41;T3; RUI ;;AUSENCIA;;;;
55;1;9/04/2024;20:23:00;41;T4; SIL ;;AUSENCIA;;;;
55;1;9/04/2024;20:24:00;41;T5;RES;;AUSENCIA;;;;
55;1;9/04/2024;20:25:00;41;T6; SIL;;AUSENCIA;;;;
55;1;9/04/2024;20:26:00;41;T7; DIS;;AUSENCIA;;;;
55;1;9/04/2024;20:27:00;41;T8; SIL;;AUSENCIA;;;;
55;1;9/04/2024;20:28:00;41;T9; RUI;;AUSENCIA;;;;
55;1;9/04/2024;20:29:00;41;T10; SIL;;AUSENCIA;;;;
55;1;9/04/2024;20:30:00;41;T11; DIS;;AUSENCIA;;;;
56;1;9/04/2024;20:40:00;42;T1;DIS;;AUSENCIA;;;;
56;1;9/04/2024;20:41:00;42;T2; SIL;;AUSENCIA;;;;
56;1;9/04/2024;20:42:00;42;T3; RUI;;AUSENCIA;;;;
56;1;9/04/2024;20:43:00;42;T4; SIL;;AUSENCIA;;;;
56;1;9/04/2024;20:44:00;42;T5; RES;;AUSENCIA;;;;
56;1;9/04/2024;20:45:00;42;T6; SIL;;AUSENCIA;;;;
56;1;9/04/2024;20:46:00;42;T7; RES;;AUSENCIA;;;;
56;1;9/04/2024;20:47:00;42;T8; SIL;;AUSENCIA;;;;
56;1;9/04/2024;20:48:00;42;T9; DIS;;AUSENCIA;;;;
56;1;9/04/2024;20:49:00;42;T10;  SIL;;AUSENCIA;;;;
56;1;9/04/2024;20:50:00;42;T11; RUI;;AUSENCIA;;;;
57;1;9/04/2024;21:00:00;43;T1;RES;;AUSENCIA;;;;
57;1;9/04/2024;21:01:00;43;T2; SIL;;AUSENCIA;;;;
57;1;9/04/2024;21:02:00;43;T3; DIS;;AUSENCIA;;;;
57;1;9/04/2024;21:03:00;43;T4; SIL ;;AUSENCIA;;;;
57;1;9/04/2024;21:04:00;43;T5;RUI;;AUSENCIA;;;;
57;1;9/04/2024;21:05:00;43;T6; SIL;;AUSENCIA;;;;
57;1;9/04/2024;21:06:00;43;T7; DIS;;AUSENCIA;;;;
57;1;9/04/2024;21:07:00;43;T8; SIL;;AUSENCIA;;;;
57;1;9/04/2024;21:08:00;43;T9; RUI;;AUSENCIA;;;;
57;1;9/04/2024;21:09:00;43;T10; SIL;;AUSENCIA;;;;
57;1;9/04/2024;21:10:00;43;T11;  RES;;AUSENCIA;;;;
58;1;9/04/2024;21:20:00;44;T1;RUI;;AUSENCIA;;;;
58;1;9/04/2024;21:21:00;44;T2; SIL;;AUSENCIA;;;;
58;1;9/04/2024;21:22:00;44;T3; RES;;AUSENCIA;;;;
58;1;9/04/2024;21:23:00;44;T4; SIL;;AUSENCIA;;;;
58;1;9/04/2024;21:24:00;44;T5; DIS;;AUSENCIA;;;;
58;1;9/04/2024;21:25:00;44;T6; SIL;;AUSENCIA;;;;
58;1;9/04/2024;21:26:00;44;T7; DIS;;AUSENCIA;;;;
58;1;9/04/2024;21:27:00;44;T8; SIL;;AUSENCIA;;;;
58;1;9/04/2024;21:28:00;44;T9; RUI;;AUSENCIA;;;;
58;1;9/04/2024;21:29:00;44;T10; SIL;;AUSENCIA;;;;
58;1;9/04/2024;21:30:00;44;T11; RES;;AUSENCIA;;;;
59;1;9/04/2024;21:40:00;45;T1;RES;;AUSENCIA;;;;
59;1;9/04/2024;21:41:00;45;T2; SIL;;AUSENCIA;;;;
59;1;9/04/2024;21:42:00;45;T3; RUI;;AUSENCIA;;;;
59;1;9/04/2024;21:43:00;45;T4; SIL;;AUSENCIA;;;;
59;1;9/04/2024;21:44:00;45;T5; DIS;;AUSENCIA;;;;
59;1;9/04/2024;21:45:00;45;T6; SIL;;AUSENCIA;;;;
59;1;9/04/2024;21:46:00;45;T7;RES;;AUSENCIA;;;;
59;1;9/04/2024;21:47:00;45;T8; SIL;;AUSENCIA;;;;
59;1;9/04/2024;21:48:00;45;T9; RUI;;AUSENCIA;;;;
59;1;9/04/2024;21:49:00;45;T10;SIL;;AUSENCIA;;;;
59;1;9/04/2024;21:50:00;45;T11;DIS;;AUSENCIA;;;;
60;1;9/04/2024;22:00:00;46;T1;DIS;22:00:28;TRANSITO;;NOR_GCH0001_000000_20240409215956_0695;;parece thytri pero tambien podria ser un derm
60;1;9/04/2024;22:00:00;46;T1;DIS;22:00:29;TRANSITO;;NOR_GCH0001_000000_20240409215956_0695;;parece thytri pero tambien podria ser un derm
60;1;9/04/2024;22:00:00;46;T1;DIS;22:00:30;TRANSITO;;NOR_GCH0001_000000_20240409215956_0695;;parece thytri pero tambien podria ser un derm
60;1;9/04/2024;22:00:00;46;T1;DIS;22:00:33;REVISION;;NOR_GCH0001_000000_20240409215956_0695;;parece thytri pero tambien podria ser un derm
60;1;9/04/2024;22:01:00;46;T2; SIL;;AUSENCIA;;;;
60;1;9/04/2024;22:02:00;46;T3; RUI;;AUSENCIA;;;;
60;1;9/04/2024;22:03:00;46;T4; SIL;;AUSENCIA;;;;
60;1;9/04/2024;22:04:00;46;T5; RUI;;AUSENCIA;;;;
60;1;9/04/2024;22:05:00;46;T6; SIL;;AUSENCIA;;;;
60;1;9/04/2024;22:06:00;46;T7; RES;;AUSENCIA;;;;
60;1;9/04/2024;22:07:00;46;T8; SIL;;AUSENCIA;;;;
60;1;9/04/2024;22:08:00;46;T9; DIS;;AUSENCIA;;;;
60;1;9/04/2024;22:09:00;46;T10;  SIL;;AUSENCIA;;;;
60;1;9/04/2024;22:10:00;46;T11; RES;;AUSENCIA;;;;
61;1;9/04/2024;22:20:00;47;T1;DIS;;AUSENCIA;;;;
61;1;9/04/2024;22:21:00;47;T2;SIL;;AUSENCIA;;;;
61;1;9/04/2024;22:22:00;47;T3; RES;;AUSENCIA;;;;
61;1;9/04/2024;22:23:00;47;T4; SIL;;AUSENCIA;;;;
61;1;9/04/2024;22:24:00;47;T5; RES;;AUSENCIA;;;;
61;1;9/04/2024;22:25:00;47;T6; SIL;;AUSENCIA;;;;
61;1;9/04/2024;22:26:00;47;T7; RUI;;AUSENCIA;;;;
61;1;9/04/2024;22:27:00;47;T8; SIL;;AUSENCIA;;;;
61;1;9/04/2024;22:28:00;47;T9; RUI;;AUSENCIA;;;;
61;1;9/04/2024;22:29:00;47;T10; SIL;;AUSENCIA;;;;
61;1;9/04/2024;22:30:00;47;T11; DIS;;AUSENCIA;;;;
62;1;9/04/2024;22:40:00;48;T1;RUI;;AUSENCIA;;;;
62;1;9/04/2024;22:41:00;48;T2; SIL;;AUSENCIA;;;;
62;1;9/04/2024;22:42:00;48;T3; RES;;AUSENCIA;;;;
62;1;9/04/2024;22:43:00;48;T4; SIL;;AUSENCIA;;;;
62;1;9/04/2024;22:44:00;48;T5; DIS;;AUSENCIA;;;;
62;1;9/04/2024;22:45:00;48;T6; SIL;;AUSENCIA;;;;
62;1;9/04/2024;22:46:00;48;T7;RES;;AUSENCIA;;;;
62;1;9/04/2024;22:47:00;48;T8; SIL;;AUSENCIA;;;;
62;1;9/04/2024;22:48:00;48;T9; RUI;;AUSENCIA;;;;
62;1;9/04/2024;22:49:00;48;T10;SIL;;AUSENCIA;;;;
62;1;9/04/2024;22:50:00;48;T11;DIS;;AUSENCIA;;;;
69;2;10/04/2024;22:00:00;49;T1;RES;;AUSENCIA;;;;
69;2;10/04/2024;22:01:00;49;T2; SIL;;AUSENCIA;;;;
69;2;10/04/2024;22:02:00;49;T3; RES;;AUSENCIA;;;;
69;2;10/04/2024;22:03:00;49;T4; SIL ;;AUSENCIA;;;;
69;2;10/04/2024;22:04:00;49;T5;RUI;;AUSENCIA;;;;
69;2;10/04/2024;22:05:00;49;T6; SIL;;AUSENCIA;;;;
69;2;10/04/2024;22:06:00;49;T7; DIS;;AUSENCIA;;;;
69;2;10/04/2024;22:07:00;49;T8; SIL;;AUSENCIA;;;;
69;2;10/04/2024;22:08:00;49;T9; RUI;;AUSENCIA;;;;
69;2;10/04/2024;22:09:00;49;T10; SIL;;AUSENCIA;;;;
69;2;10/04/2024;22:10:00;49;T11;  DIS;;AUSENCIA;;;;
70;2;10/04/2024;22:20:00;50;T1;DIS;;AUSENCIA;;;;
70;2;10/04/2024;22:21:00;50;T2;SIL;;AUSENCIA;;;;
70;2;10/04/2024;22:22:00;50;T3; RES;;AUSENCIA;;;;
70;2;10/04/2024;22:23:00;50;T4; SIL;;AUSENCIA;;;;
70;2;10/04/2024;22:24:00;50;T5;RUI ;;AUSENCIA;;;;
70;2;10/04/2024;22:25:00;50;T6; SIL;;AUSENCIA;;;;
70;2;10/04/2024;22:26:00;50;T7;RES ;;AUSENCIA;;;;
70;2;10/04/2024;22:27:00;50;T8; SIL;;AUSENCIA;;;;
70;2;10/04/2024;22:28:00;50;T9; RUI;;AUSENCIA;;;;
70;2;10/04/2024;22:29:00;50;T10; SIL;;AUSENCIA;;;;
70;2;10/04/2024;22:30:00;50;T11; DIS;;AUSENCIA;;;;
71;2;10/04/2024;22:40:00;51;T1;RES;;AUSENCIA;;;;
71;2;10/04/2024;22:41:00;51;T2; SIL;;AUSENCIA;;;;
71;2;10/04/2024;22:42:00;51;T3; RES;;AUSENCIA;;;;
71;2;10/04/2024;22:43:00;51;T4; SIL;;AUSENCIA;;;;
71;2;10/04/2024;22:44:00;51;T5; DIS;;AUSENCIA;;;;
71;2;10/04/2024;22:45:00;51;T6; SIL;;AUSENCIA;;;;
71;2;10/04/2024;22:46:00;51;T7;RUI;;AUSENCIA;;;;
71;2;10/04/2024;22:47:00;51;T8; SIL;;AUSENCIA;;;;
71;2;10/04/2024;22:48:00;51;T9; RUI;;AUSENCIA;;;;
71;2;10/04/2024;22:49:00;51;T10;SIL;;AUSENCIA;;;;
71;2;10/04/2024;22:50:00;51;T11;DIS;;AUSENCIA;;;;
80;3;11/04/2024;22:40:00;52;T1;RUI;;AUSENCIA;;;;
80;3;11/04/2024;22:41:00;52;T2; SIL;;AUSENCIA;;;;
80;3;11/04/2024;22:42:00;52;T3; RUI;;AUSENCIA;;;;
80;3;11/04/2024;22:43:00;52;T4; SIL;;AUSENCIA;;;;
80;3;11/04/2024;22:44:00;52;T5; DIS;;AUSENCIA;;;;
80;3;11/04/2024;22:45:00;52;T6; SIL;;AUSENCIA;;;;
80;3;11/04/2024;22:46:00;52;T7; RES;;AUSENCIA;;;;
80;3;11/04/2024;22:47:00;52;T8; SIL;;AUSENCIA;;;;
80;3;11/04/2024;22:48:00;52;T9;DIS;;AUSENCIA;;;;
80;3;11/04/2024;22:49:00;52;T10; SIL;;AUSENCIA;;;;
80;3;11/04/2024;22:50:00;52;T11; RES;;AUSENCIA;;;;
79;3;11/04/2024;22:20:00;53;T1;RES;;AUSENCIA;;;;
79;3;11/04/2024;22:21:00;53;T2; SIL;;AUSENCIA;;;;
79;3;11/04/2024;22:22:00;53;T3; RUI;;AUSENCIA;;;;
79;3;11/04/2024;22:23:00;53;T4; SIL;;AUSENCIA;;;;
79;3;11/04/2024;22:24:00;53;T5;RES ;;AUSENCIA;;;;
79;3;11/04/2024;22:25:00;53;T6; SIL;;AUSENCIA;;;;
79;3;11/04/2024;22:26:00;53;T7;DIS;;AUSENCIA;;;;
79;3;11/04/2024;22:27:00;53;T8; SIL;;AUSENCIA;;;;
79;3;11/04/2024;22:28:00;53;T9; RUI;;AUSENCIA;;;;
79;3;11/04/2024;22:29:00;53;T10;SIL;;AUSENCIA;;;;
79;3;11/04/2024;22:30:00;53;T11;DIS;;AUSENCIA;;;;
75;3;11/04/2024;21:00:00;54;T1;DIS;;AUSENCIA;;;;
75;3;11/04/2024;21:01:00;54;T2; SIL;;AUSENCIA;;;;
75;3;11/04/2024;21:02:00;54;T3;DIS;;AUSENCIA;;;;
75;3;11/04/2024;21:03:00;54;T4; SIL;;AUSENCIA;;;;
75;3;11/04/2024;21:04:00;54;T5; RUI;;AUSENCIA;;;;
75;3;11/04/2024;21:05:00;54;T6; SIL;;AUSENCIA;;;;
75;3;11/04/2024;21:06:00;54;T7; RES;;AUSENCIA;;;;
75;3;11/04/2024;21:07:00;54;T8; SIL;;AUSENCIA;;;;
75;3;11/04/2024;21:08:00;54;T9; RUI ;;AUSENCIA;;;;
75;3;11/04/2024;21:09:00;54;T10;  SIL;;AUSENCIA;;;;
75;3;11/04/2024;21:10:00;54;T11; RES;;AUSENCIA;;;;
